INSERT INTO shops (shop_id, shop_name) VALUES
	 (1, 'shop_dns'),
	 (2, 'shop_mvideo'),
	 (3, 'shop_citilink');

INSERT INTO products (product_id, product_name, price) VALUES
	 (1, 'Испорченный телефон', 4999),
	 (2, 'Сарафанное радио', 6999),
	 (3, 'Патефон', 3999);

INSERT INTO plan
(plan_id, product_id, shop_id, plan_cnt, plan_date)
VALUES
(1, 1, 1, 3, '2023-04-30'),
(2, 2, 1, 3, '2023-04-30'),
(3, 3, 1, 3, '2023-04-30'),
(4, 1, 2, 2, '2023-04-30'),
(5, 2, 2, 2, '2023-04-30'),
(6, 3, 2, 2, '2023-04-30'),
(7, 1, 3, 4, '2023-04-30'),
(8, 2, 3, 4, '2023-04-30'),
(9, 3, 3, 4, '2023-04-30'),
(10, 1, 1, 5, '2023-05-01'),
(11, 2, 1, 5, '2023-05-01'),
(12, 3, 1, 5, '2023-05-01'),
(13, 1, 2, 4, '2023-05-01'),
(14, 2, 2, 4, '2023-05-01'),
(15, 3, 2, 4, '2023-05-01'),
(16, 1, 3, 5, '2023-05-01'),
(17, 2, 3, 5, '2023-05-01'),
(18, 3, 3, 5, '2023-05-01'),
(19, 1, 1, 3, '2023-05-02'),
(20, 2, 1, 3, '2023-05-02'),
(21, 3, 1, 3, '2023-05-02'),
(22, 1, 2, 4, '2023-05-02'),
(23, 2, 2, 4, '2023-05-02'),
(24, 3, 2, 4, '2023-05-02'),
(25, 1, 3, 3, '2023-05-02'),
(26, 2, 3, 3, '2023-05-02'),
(27, 3, 3, 3, '2023-05-02'),
(28, 1, 1, 3, '2023-05-03'),
(29, 2, 1, 3, '2023-05-03'),
(30, 3, 1, 3, '2023-05-03'),
(31, 1, 2, 4, '2023-05-03'),
(32, 2, 2, 4, '2023-05-03'),
(33, 3, 2, 4, '2023-05-03'),
(34, 1, 3, 3, '2023-05-03'),
(35, 2, 3, 3, '2023-05-03'),
(36, 3, 3, 3, '2023-05-03'),
(37, 1, 1, 3, '2023-05-04'),
(38, 2, 1, 3, '2023-05-04'),
(39, 3, 1, 3, '2023-05-04'),
(40, 1, 2, 2, '2023-05-04'),
(41, 2, 2, 2, '2023-05-04'),
(42, 3, 2, 2, '2023-05-04'),
(43, 1, 3, 4, '2023-05-04'),
(44, 2, 3, 4, '2023-05-04'),
(45, 3, 3, 4, '2023-05-04'),
(46, 1, 1, 3, '2023-05-05'),
(47, 2, 1, 3, '2023-05-05'),
(48, 3, 1, 3, '2023-05-05'),
(49, 1, 2, 2, '2023-05-05'),
(50, 2, 2, 2, '2023-05-05'),
(51, 3, 2, 2, '2023-05-05'),
(52, 1, 3, 4, '2023-05-05'),
(53, 2, 3, 4, '2023-05-05'),
(54, 3, 3, 4, '2023-05-05'),
(55, 1, 1, 5, '2023-05-06'),
(56, 2, 1, 5, '2023-05-06'),
(57, 3, 1, 5, '2023-05-06'),
(58, 1, 2, 4, '2023-05-06'),
(59, 2, 2, 4, '2023-05-06'),
(60, 3, 2, 4, '2023-05-06'),
(61, 1, 3, 5, '2023-05-06'),
(62, 2, 3, 5, '2023-05-06'),
(63, 3, 3, 5, '2023-05-06'),
(64, 1, 1, 3, '2023-05-07'),
(65, 2, 1, 3, '2023-05-07'),
(66, 3, 1, 3, '2023-05-07'),
(67, 1, 2, 4, '2023-05-07'),
(68, 2, 2, 4, '2023-05-07'),
(69, 3, 2, 4, '2023-05-07'),
(70, 1, 3, 3, '2023-05-07'),
(71, 2, 3, 3, '2023-05-07'),
(72, 3, 3, 3, '2023-05-07'),
(73, 1, 1, 3, '2023-05-08'),
(74, 2, 1, 3, '2023-05-08'),
(75, 3, 1, 3, '2023-05-08'),
(76, 1, 2, 4, '2023-05-08'),
(77, 2, 2, 4, '2023-05-08'),
(78, 3, 2, 4, '2023-05-08'),
(79, 1, 3, 3, '2023-05-08'),
(80, 2, 3, 3, '2023-05-08'),
(81, 3, 3, 3, '2023-05-08'),
(82, 1, 1, 3, '2023-05-09'),
(83, 2, 1, 3, '2023-05-09'),
(84, 3, 1, 3, '2023-05-09'),
(85, 1, 2, 2, '2023-05-09'),
(86, 2, 2, 2, '2023-05-09'),
(87, 3, 2, 2, '2023-05-09'),
(88, 1, 3, 4, '2023-05-09'),
(89, 2, 3, 4, '2023-05-09'),
(90, 3, 3, 4, '2023-05-09'),
(91, 1, 1, 3, '2023-05-10'),
(92, 2, 1, 3, '2023-05-10'),
(93, 3, 1, 3, '2023-05-10'),
(94, 1, 2, 2, '2023-05-10'),
(95, 2, 2, 2, '2023-05-10'),
(96, 3, 2, 2, '2023-05-10'),
(97, 1, 3, 4, '2023-05-10'),
(98, 2, 3, 4, '2023-05-10'),
(99, 3, 3, 4, '2023-05-10'),
(100, 1, 1, 5, '2023-05-11'),
(101, 2, 1, 5, '2023-05-11'),
(102, 3, 1, 5, '2023-05-11'),
(103, 1, 2, 4, '2023-05-11'),
(104, 2, 2, 4, '2023-05-11'),
(105, 3, 2, 4, '2023-05-11'),
(106, 1, 3, 5, '2023-05-11'),
(107, 2, 3, 5, '2023-05-11'),
(108, 3, 3, 5, '2023-05-11'),
(109, 1, 1, 3, '2023-05-12'),
(110, 2, 1, 3, '2023-05-12'),
(111, 3, 1, 3, '2023-05-12'),
(112, 1, 2, 4, '2023-05-12'),
(113, 2, 2, 4, '2023-05-12'),
(114, 3, 2, 4, '2023-05-12'),
(115, 1, 3, 3, '2023-05-12'),
(116, 2, 3, 3, '2023-05-12'),
(117, 3, 3, 3, '2023-05-12'),
(118, 1, 1, 3, '2023-05-13'),
(119, 2, 1, 3, '2023-05-13'),
(120, 3, 1, 3, '2023-05-13'),
(121, 1, 2, 4, '2023-05-13'),
(122, 2, 2, 4, '2023-05-13'),
(123, 3, 2, 4, '2023-05-13'),
(124, 1, 3, 3, '2023-05-13'),
(125, 2, 3, 3, '2023-05-13'),
(126, 3, 3, 3, '2023-05-13'),
(127, 1, 1, 3, '2023-05-14'),
(128, 2, 1, 3, '2023-05-14'),
(129, 3, 1, 3, '2023-05-14'),
(130, 1, 2, 2, '2023-05-14'),
(131, 2, 2, 2, '2023-05-14'),
(132, 3, 2, 2, '2023-05-14'),
(133, 1, 3, 4, '2023-05-14'),
(134, 2, 3, 4, '2023-05-14'),
(135, 3, 3, 4, '2023-05-14'),
(136, 1, 1, 3, '2023-05-15'),
(137, 2, 1, 3, '2023-05-15'),
(138, 3, 1, 3, '2023-05-15'),
(139, 1, 2, 2, '2023-05-15'),
(140, 2, 2, 2, '2023-05-15'),
(141, 3, 2, 2, '2023-05-15'),
(142, 1, 3, 4, '2023-05-15'),
(143, 2, 3, 4, '2023-05-15'),
(144, 3, 3, 4, '2023-05-15'),
(145, 1, 1, 5, '2023-05-16'),
(146, 2, 1, 5, '2023-05-16'),
(147, 3, 1, 5, '2023-05-16'),
(148, 1, 2, 4, '2023-05-16'),
(149, 2, 2, 4, '2023-05-16'),
(150, 3, 2, 4, '2023-05-16'),
(151, 1, 3, 5, '2023-05-16'),
(152, 2, 3, 5, '2023-05-16'),
(153, 3, 3, 5, '2023-05-16'),
(154, 1, 1, 3, '2023-05-17'),
(155, 2, 1, 3, '2023-05-17'),
(156, 3, 1, 3, '2023-05-17'),
(157, 1, 2, 4, '2023-05-17'),
(158, 2, 2, 4, '2023-05-17'),
(159, 3, 2, 4, '2023-05-17'),
(160, 1, 3, 3, '2023-05-17'),
(161, 2, 3, 3, '2023-05-17'),
(162, 3, 3, 3, '2023-05-17'),
(163, 1, 1, 3, '2023-05-18'),
(164, 2, 1, 3, '2023-05-18'),
(165, 3, 1, 3, '2023-05-18'),
(166, 1, 2, 4, '2023-05-18'),
(167, 2, 2, 4, '2023-05-18'),
(168, 3, 2, 4, '2023-05-18'),
(169, 1, 3, 3, '2023-05-18'),
(170, 2, 3, 3, '2023-05-18'),
(171, 3, 3, 3, '2023-05-18'),
(172, 1, 1, 3, '2023-05-19'),
(173, 2, 1, 3, '2023-05-19'),
(174, 3, 1, 3, '2023-05-19'),
(175, 1, 2, 2, '2023-05-19'),
(176, 2, 2, 2, '2023-05-19'),
(177, 3, 2, 2, '2023-05-19'),
(178, 1, 3, 4, '2023-05-19'),
(179, 2, 3, 4, '2023-05-19'),
(180, 3, 3, 4, '2023-05-19'),
(181, 1, 1, 3, '2023-05-20'),
(182, 2, 1, 3, '2023-05-20'),
(183, 3, 1, 3, '2023-05-20'),
(184, 1, 2, 2, '2023-05-20'),
(185, 2, 2, 2, '2023-05-20'),
(186, 3, 2, 2, '2023-05-20'),
(187, 1, 3, 4, '2023-05-20'),
(188, 2, 3, 4, '2023-05-20'),
(189, 3, 3, 4, '2023-05-20'),
(190, 1, 1, 5, '2023-05-21'),
(191, 2, 1, 5, '2023-05-21'),
(192, 3, 1, 5, '2023-05-21'),
(193, 1, 2, 4, '2023-05-21'),
(194, 2, 2, 4, '2023-05-21'),
(195, 3, 2, 4, '2023-05-21'),
(196, 1, 3, 5, '2023-05-21'),
(197, 2, 3, 5, '2023-05-21'),
(198, 3, 3, 5, '2023-05-21'),
(199, 1, 1, 3, '2023-05-22'),
(200, 2, 1, 3, '2023-05-22'),
(201, 3, 1, 3, '2023-05-22'),
(202, 1, 2, 4, '2023-05-22'),
(203, 2, 2, 4, '2023-05-22'),
(204, 3, 2, 4, '2023-05-22'),
(205, 1, 3, 3, '2023-05-22'),
(206, 2, 3, 3, '2023-05-22'),
(207, 3, 3, 3, '2023-05-22'),
(208, 1, 1, 3, '2023-05-23'),
(209, 2, 1, 3, '2023-05-23'),
(210, 3, 1, 3, '2023-05-23'),
(211, 1, 2, 4, '2023-05-23'),
(212, 2, 2, 4, '2023-05-23'),
(213, 3, 2, 4, '2023-05-23'),
(214, 1, 3, 3, '2023-05-23'),
(215, 2, 3, 3, '2023-05-23'),
(216, 3, 3, 3, '2023-05-23'),
(217, 1, 1, 3, '2023-05-24'),
(218, 2, 1, 3, '2023-05-24'),
(219, 3, 1, 3, '2023-05-24'),
(220, 1, 2, 2, '2023-05-24'),
(221, 2, 2, 2, '2023-05-24'),
(222, 3, 2, 2, '2023-05-24'),
(223, 1, 3, 4, '2023-05-24'),
(224, 2, 3, 4, '2023-05-24'),
(225, 3, 3, 4, '2023-05-24'),
(226, 1, 1, 5, '2023-05-25'),
(227, 2, 1, 5, '2023-05-25'),
(228, 3, 1, 5, '2023-05-25'),
(229, 1, 2, 4, '2023-05-25'),
(230, 2, 2, 4, '2023-05-25'),
(231, 3, 2, 4, '2023-05-25'),
(232, 1, 3, 5, '2023-05-25'),
(233, 2, 3, 5, '2023-05-25'),
(234, 3, 3, 5, '2023-05-25'),
(235, 1, 1, 3, '2023-05-26'),
(236, 2, 1, 3, '2023-05-26'),
(237, 3, 1, 3, '2023-05-26'),
(238, 1, 2, 4, '2023-05-26'),
(239, 2, 2, 4, '2023-05-26'),
(240, 3, 2, 4, '2023-05-26'),
(241, 1, 3, 3, '2023-05-26'),
(242, 2, 3, 3, '2023-05-26'),
(243, 3, 3, 3, '2023-05-26'),
(244, 1, 1, 3, '2023-05-27'),
(245, 2, 1, 3, '2023-05-27'),
(246, 3, 1, 3, '2023-05-27'),
(247, 1, 2, 4, '2023-05-27'),
(248, 2, 2, 4, '2023-05-27'),
(249, 3, 2, 4, '2023-05-27'),
(250, 1, 3, 3, '2023-05-27'),
(251, 2, 3, 3, '2023-05-27'),
(252, 3, 3, 3, '2023-05-27'),
(253, 1, 1, 3, '2023-05-28'),
(254, 2, 1, 3, '2023-05-28'),
(255, 3, 1, 3, '2023-05-28'),
(256, 1, 2, 2, '2023-05-28'),
(257, 2, 2, 2, '2023-05-28'),
(258, 3, 2, 2, '2023-05-28'),
(259, 1, 3, 4, '2023-05-28'),
(260, 2, 3, 4, '2023-05-28'),
(261, 3, 3, 4, '2023-05-28'),
(262, 1, 1, 3, '2023-05-29'),
(263, 2, 1, 3, '2023-05-29'),
(264, 3, 1, 3, '2023-05-29'),
(265, 1, 2, 2, '2023-05-29'),
(266, 2, 2, 2, '2023-05-29'),
(267, 3, 2, 2, '2023-05-29'),
(268, 1, 3, 4, '2023-05-29'),
(269, 2, 3, 4, '2023-05-29'),
(270, 3, 3, 4, '2023-05-29'),
(271, 1, 1, 5, '2023-05-30'),
(272, 2, 1, 5, '2023-05-30'),
(273, 3, 1, 5, '2023-05-30'),
(274, 1, 2, 4, '2023-05-30'),
(275, 2, 2, 4, '2023-05-30'),
(276, 3, 2, 4, '2023-05-30'),
(277, 1, 3, 5, '2023-05-30'),
(278, 2, 3, 5, '2023-05-30'),
(279, 3, 3, 5, '2023-05-30'),
(280, 1, 1, 3, '2023-05-31'),
(281, 2, 1, 3, '2023-05-31'),
(282, 3, 1, 3, '2023-05-31'),
(283, 1, 2, 4, '2023-05-31'),
(284, 2, 2, 4, '2023-05-31'),
(285, 3, 2, 4, '2023-05-31'),
(286, 1, 3, 3, '2023-05-31'),
(287, 2, 3, 3, '2023-05-31'),
(288, 3, 3, 3, '2023-05-31'),
(289, 1, 1, 3, '2023-06-01'),
(290, 2, 1, 3, '2023-06-01'),
(291, 3, 1, 3, '2023-06-01'),
(292, 1, 2, 4, '2023-06-01'),
(293, 2, 2, 4, '2023-06-01'),
(294, 3, 2, 4, '2023-06-01'),
(295, 1, 3, 3, '2023-06-01'),
(296, 2, 3, 3, '2023-06-01'),
(297, 3, 3, 3, '2023-06-01');

